code,meaning,regions,status,labels,note
SCT:725273006,Adipose tissue of abdomen,Abdomen,reviewed,visceral_fat,the concept says abdomen; the name rule said whole body
SCT:23451007,Adrenal gland,Abdomen,reviewed,adrenal_gland_left adrenal_gland_right,
SCT:15825003,Aorta,Thorax; Abdomen,reviewed,aorta,
SCT:68786006,Auricular appendage,Thorax,reviewed,atrial_appendage_left,
SCT:59820001,Blood vessel,,reviewed,liver_vessels lung_vessels,generic concept: left empty on purpose so the label name decides (liver_vessels is abdomen and lung_vessels is thorax)
SCT:12691009,Brachiocephalic artery,Neck,reviewed,brachiocephalic_trunk,
SCT:8887007,Brachiocephalic vein,Neck,reviewed,brachiocephalic_vein_left brachiocephalic_vein_right,
SCT:12738006,Brain,Head,reviewed,brain,
SCT:15926001,Brainstem structure,Head,reviewed,brainstem,
SCT:76752008,Breast,Thorax,reviewed,breast,
SCT:14806007,C1 vertebra,Spine,reviewed,vertebrae_C1,
SCT:39976000,C2 vertebra,Spine,reviewed,vertebrae_C2,
SCT:113205007,C3 vertebra,Spine,reviewed,vertebrae_C3,
SCT:5329002,C4 vertebra,Spine,reviewed,vertebrae_C4,
SCT:36978003,C5 vertebra,Spine,reviewed,vertebrae_C5,
SCT:36054005,C6 vertebra,Spine,reviewed,vertebrae_C6,
SCT:87391001,C7 vertebra,Spine,reviewed,vertebrae_C7,
SCT:83936004,Carpus,Limbs,reviewed,carpal carpal_left carpal_right,
SCT:8205005,Carpus,Limbs,reviewed,carpal_left carpal_right,
SCT:11000004,Caudate nucleus,Head,reviewed,caudate_nucleus,
SCT:113305005,Cerebellum,Head,reviewed,cerebellum,
SCT:51299004,Clavicle,Thorax,reviewed,clavicula_left clavicula_right clavicle_left clavicle_right,
SCT:71854001,Colon,Abdomen,reviewed,colon,
SCT:32062004,Common carotid artery,Neck,reviewed,common_carotid_artery_left common_carotid_artery_right,
SCT:73634005,Common iliac artery,Pelvis,reviewed,iliac_artery_left iliac_artery_right,
SCT:46027005,Common iliac vein,Pelvis,reviewed,iliac_vena_left iliac_vena_right,
SCT:41801008,Coronary artery,Thorax,reviewed,coronary_arteries,
SCT:50016007,Costal cartilage,Thorax,reviewed,costal_cartilages,
SCT:8600008,Cricoid cartilage structure,Neck,reviewed,cricoid_cartilage,
SCT:367643001,Cyst,,reviewed,kidney_cyst_left kidney_cyst_right,can be anywhere: left empty so the label decides (kidney_cyst is abdomen by its name)
SCT:244849004,Deep muscle of back,Spine,reviewed,autochthon_left autochthon_right,
SCT:35259002,Deltoid muscle,Limbs,reviewed,deltoid,moves the shoulder joint: origin lateral third of the clavicle and acromion and spine of the scapula
SCT:52410001,Digastric muscle structure,Head,reviewed,digastric_left digastric_right,
SCT:38848004,Duodenum,Abdomen,reviewed,duodenum,
SCT:41699000,Effusion,Thorax,reviewed,pericardial_effusion pleural_effusion,
SCT:5953002,Eighth rib,Thorax,reviewed,rib_left_8 rib_right_8,
SCT:58830002,Eleventh rib,Thorax,reviewed,rib_left_11 rib_right_11,
SCT:244366007,Entire posterior cusp of aortic valve,Thorax,reviewed,non_coronary_cusp right_coronary_cusp,
SCT:32849002,Esophagus,Thorax,reviewed,esophagus,
SCT:84301002,External auditory canal,Head,reviewed,auditory_canal_left auditory_canal_right,
SCT:81745001,Eye,Head,reviewed,eye_left eye_right,
SCT:79652003,Eyeball,Head,reviewed,eyeball_left eyeball_right,
SCT:89545001,Face,Head,reviewed,face,
SCT:55603005,Fat,Whole body,reviewed,intermuscular_fat torso_fat,
SCT:71341001,Femur,Limbs,reviewed,femur femur_left femur_right,
SCT:87342007,Fibula,Limbs,reviewed,fibula fibula_left fibula_right,
SCT:15339008,Fifth rib,Thorax,reviewed,rib_left_5 rib_right_5,
SCT:7569003,Fingers,Limbs,reviewed,fingers_left fingers_right,
SCT:48535007,First rib,Thorax,reviewed,rib_left_1 rib_right_1,
SCT:25523003,Fourth rib,Thorax,reviewed,rib_left_4 rib_right_4,
SCT:35918002,Fourth ventricle,Head,reviewed,fourth_ventricle,
SCT:83251001,Frontal lobe,Head,reviewed,frontal_lobe,
SCT:28231008,Gallbladder,Abdomen,reviewed,gallbladder,
SCT:181674001,Gluteus maximus muscle,Pelvis,reviewed,gluteus_maximus_left gluteus_maximus_right,
SCT:206007,Gluteus maximus muscle,Pelvis,reviewed,gluteus_maximus_left gluteus_maximus_right,
SCT:78333006,Gluteus medius muscle,Pelvis,reviewed,gluteus_medius_left gluteus_medius_right,
SCT:75297007,Gluteus minimus muscle,Pelvis,reviewed,gluteus_minimus_left gluteus_minimus_right,
SCT:90228003,Hard palate structure,Head,reviewed,hard_palate,
SCT:69536005,Head,Head,reviewed,head,
SCT:80891009,Heart,Thorax,reviewed,heart,
SCT:50960005,Hemorrhage,Head,reviewed,intracerebral_hemorrhage,
SCT:29836001,Hip,Pelvis,reviewed,hip_left hip_right,
SCT:85050009,Humerus,Limbs,reviewed,humerus humerus_left humerus_right,
SCT:21387005,Hyoid bone structure,Neck,reviewed,hyoid,
SCT:81502006,Hypopharynx,Neck,reviewed,hypopharynx,
SCT:68455001,Iliopsoas muscle,Abdomen,reviewed,iliopsoas_left iliopsoas_right,
SCT:40388003,Implant,,reviewed,hip_implant,generic concept: left empty on purpose so the label name decides (hip_implant is pelvis; a dental implant would be head)
SCT:80461005,Inferior constrictor pharyngeus muscle structure,Neck,reviewed,inferior_pharyngeal_constrictor,
SCT:57516003,Inferior oblique muscle structure,Head,reviewed,inferior_oblique_muscle_left inferior_oblique_muscle_right,
SCT:47869003,Inferior rectus muscle structure,Head,reviewed,inferior_rectus_muscle_left inferior_rectus_muscle_right,
SCT:64131007,Inferior vena cava,Abdomen,reviewed,inferior_vena_cava,
SCT:47351003,Infiltrate,Thorax,reviewed,lung_covid_infiltrate,
SCT:72573008,Infraspinatus muscle,Limbs,reviewed,infraspinatus,
SCT:85637007,internal capsule,Head,reviewed,internal_capsule,
SCT:86117002,Internal Carotid Artery,Neck,reviewed,internal_carotid_artery_left internal_carotid_artery_right,
SCT:12123001,Internal jugular vein,Neck,reviewed,internal_jugular_vein_left internal_jugular_vein_right,
SCT:360499006,Intervertebral disc,Spine,reviewed,intervertebral_discs,
SCT:64033007,Kidney,Abdomen,reviewed,kidney_left kidney_right,
SCT:66794005,L1 vertebra,Spine,reviewed,vertebrae_L1,
SCT:14293000,L2 vertebra,Spine,reviewed,vertebrae_L2,
SCT:36470004,L3 vertebra,Spine,reviewed,vertebrae_L3,
SCT:11994002,L4 vertebra,Spine,reviewed,vertebrae_L4,
SCT:49668003,L5 vertebra,Spine,reviewed,vertebrae_L5,
SCT:1156198008,L6 vertebra,Spine,reviewed,vertebrae_L6,
SCT:4596009,Larynx,Neck,reviewed,larynx_air,
SCT:31836009,Lateral rectus muscle structure,Head,reviewed,lateral_rectus_muscle_left lateral_rectus_muscle_right,
SCT:82471001,Left atrium,Thorax,reviewed,heart_atrium_left,
SCT:87878005,Left ventricle of heart,Thorax,reviewed,heart_ventricle_left,
SCT:41648007,Lentiform nucleus structure,Head,reviewed,lentiform_nucleus,
SCT:58641002,Levator palpebrae superioris structure,Head,reviewed,levator_palpebrae_superioris_left levator_palpebrae_superioris_right,
SCT:66019005,Limb,Whole body,reviewed,body_extremities,
SCT:10200004,Liver,Abdomen,reviewed,liver,
SCT:61685007,Lower limb,Limbs,reviewed,Legs,
SCT:90572001,Lower lobe of lung,Thorax,reviewed,lung_lower_lobe_left lung_lower_lobe_right,
SCT:39607008,Lung,Thorax,reviewed,lung lung_left lung_right,
SCT:79368004,Masseter muscle structure,Head,reviewed,masseter_left masseter_right,
SCT:24937009,Medial rectus muscle structure,Head,reviewed,medial_rectus_muscle_left medial_rectus_muscle_right,
SCT:36455000,Metacarpal bones,Limbs,reviewed,metacarpal metacarpal_left metacarpal_right,
SCT:53884002,Metatarsal,Limbs,reviewed,metatarsal metatarsal_left metatarsal_right,
SCT:280711000,Metatarsal,Limbs,reviewed,metatarsal_left metatarsal_right,
SCT:72481006,Middle lobe of right lung,Thorax,reviewed,lung_middle_lobe_right,
SCT:66138004,Middle pharyngeal constrictor muscle structure,Neck,reviewed,middle_pharyngeal_constrictor,
SCT:74281007,Myocardium,Thorax,reviewed,heart_myocardium,
SCT:279549004,nasal cavity,Head,reviewed,nasal_cavity_left nasal_cavity_right,
SCT:360955006,Nasopharynx,Head,reviewed,nasopharynx,
SCT:108369006,Neoplasm,Abdomen,reviewed,liver_tumor,
SCT:22565002,Ninth rib,Thorax,reviewed,rib_left_9 rib_right_9,
SCT:31065004,Occipital lobe,Head,reviewed,occipital_lobe,
SCT:18234004,optic nerve,Head,reviewed,optic_nerve_left optic_nerve_right,
SCT:31389004,oropharynx,Neck,reviewed,oropharynx,
SCT:15776009,Pancreas,Abdomen,reviewed,pancreas,
SCT:16630005,Parietal lobe,Head,reviewed,parietal_lobe,
SCT:45289007,Parotid gland,Head,reviewed,parotid_gland_left parotid_gland_right,
SCT:64234005,Patella,Limbs,reviewed,patella patella_left patella_right,
SCT:18686000,Pectoralis minor muscle,Thorax,reviewed,pectoralis_minor,
SCT:28641004,Phalanx structure,Limbs,reviewed,phalanges_feet phalanges_hand,
SCT:110765007,Portal vein and splenic vein,Abdomen,reviewed,portal_vein_and_splenic_vein portal_splenic_vein,
SCT:128511007,Posterior muscle of thigh structure,Limbs,reviewed,thigh_posterior_compartment_left thigh_posterior_compartment_right,
SCT:41216001,Prostate,Pelvis,reviewed,prostate,
SCT:81040000,Pulmonary artery,Thorax,reviewed,pulmonary_artery,
SCT:122972007,Pulmonary vein,Thorax,reviewed,pulmonary_vein,
SCT:21989003,Quadriceps femoris muscle,Limbs,reviewed,quadriceps_femoris_left quadriceps_femoris_right,
SCT:62413002,Radius,Limbs,reviewed,radius radius_left radius_right,
SCT:73829009,Right atrium,Thorax,reviewed,heart_atrium_right,
SCT:53085002,Right ventricle of heart,Thorax,reviewed,heart_ventricle_right,
SCT:65985001,S1 vertebra,Spine,reviewed,vertebrae_S1,
SCT:54735007,Sacrum,Spine,reviewed,sacrum,
SCT:12595009,Sartorius muscle,Limbs,reviewed,sartorius_left sartorius_right,
SCT:79601000,Scapula,Thorax,reviewed,scapula_left scapula_right,
SCT:78247007,Second rib,Thorax,reviewed,rib_left_2 rib_right_2,
SCT:70146006,Septum pellucidum structure,Head,reviewed,septum_pellucidum,
SCT:18346003,Serratus anterior muscle,Thorax,reviewed,serratus_anterior,
SCT:24915002,Seventh rib,Thorax,reviewed,rib_left_7 rib_right_7,
SCT:59558009,Sixth rib,Thorax,reviewed,rib_left_6 rib_right_6,
SCT:127954009,Skeletal muscle,Whole body,reviewed,skeletal_muscle,
SCT:89546000,Skull,Head,reviewed,skull,
SCT:30315005,Small Intestine,Abdomen,reviewed,small_bowel,
SCT:49460000,Soft palate,Head,reviewed,soft_palate,
SCT:2748008,Spinal cord,Spine,reviewed,spinal_cord,
SCT:78961009,Spleen,Abdomen,reviewed,spleen,
SCT:56873002,Sternum,Thorax,reviewed,sternum,
SCT:69695003,Stomach,Abdomen,reviewed,stomach,
SCT:30399003,Structure of anterior horn of lateral ventricle,Head,reviewed,ventricle_frontal_horn_left ventricle_frontal_horn_right,
SCT:34803007,Structure of body of lateral ventricle,Head,reviewed,ventricle_body_left ventricle_body_right,
SCT:71133005,Structure of caudate lobe of liver,Abdomen,reviewed,liver_segment_1,
SCT:28294002,Structure of central sulcus,Head,reviewed,central_sulcus,
SCT:44202005,Structure of coracobrachialis muscle,Limbs,reviewed,coracobrachial,
SCT:277956007,Structure of Couinaud hepatic segment II,Abdomen,reviewed,liver_segment_2,
SCT:277957003,Structure of Couinaud hepatic segment III,Abdomen,reviewed,liver_segment_3,
SCT:277958008,Structure of Couinaud hepatic segment IV,Abdomen,reviewed,liver_segment_4,
SCT:277959000,Structure of Couinaud hepatic segment V,Abdomen,reviewed,liver_segment_5,
SCT:277960005,Structure of Couinaud hepatic segment VI,Abdomen,reviewed,liver_segment_6,
SCT:277961009,Structure of Couinaud hepatic segment VII,Abdomen,reviewed,liver_segment_7,
SCT:277962002,Structure of Couinaud hepatic segment VIII,Abdomen,reviewed,liver_segment_8,
SCT:81797008,Structure of cusp of aortic valve,Thorax,reviewed,left_coronary_cusp,
SCT:54944003,Structure of dural sinus,Head,reviewed,venous_sinuses,
SCT:53118009,Structure of inferior horn of lateral ventricle,Head,reviewed,ventricle_temporal_horn_left ventricle_temporal_horn_right,
SCT:88938001,Structure of lateral pterygoid muscle,Head,reviewed,lateral_pterygoid_left lateral_pterygoid_right,
SCT:78076003,Structure of lens of eye,Head,reviewed,eye_lens_left eye_lens_right,
SCT:11327007,Structure of levator scapulae muscle,Thorax,reviewed,levator_scapulae_left levator_scapulae_right,
SCT:1179657002,Structure of medial muscle of thigh,Limbs,reviewed,thigh_medial_compartment_left thigh_medial_compartment_right,
SCT:85002005,Structure of medial pterygoid muscle,Head,reviewed,medial_pterygoid_left medial_pterygoid_right,
SCT:13418002,Structure of outflow tract of left ventricle,Thorax,reviewed,left_ventricular_outflow_tract,
SCT:18252004,Structure of platysma muscle,Neck,reviewed,platysma_left platysma_right,
SCT:52943005,Structure of posterior horn of lateral ventricle,Head,reviewed,ventricle_occipital_horn_left ventricle_occipital_horn_right,
SCT:50755001,Structure of scalenus anterior muscle,Neck,reviewed,anterior_scalene_left anterior_scalene_right,
SCT:38630006,Structure of scalenus medius muscle,Neck,reviewed,middle_scalene_left middle_scalene_right,
SCT:58162002,Structure of scalenus posterior muscle,Neck,reviewed,posterior_scalene_left posterior_scalene_right,
SCT:22823000,Structure of sternocleidomastoid muscle,Neck,reviewed,sternocleidomastoid_left sternocleidomastoid_right,
SCT:1087003,Structure of sternothyroid muscle,Neck,reviewed,sterno_thyroid_left sterno_thyroid_right,
SCT:52927003,Structure of temporalis muscle,Head,reviewed,temporalis_left temporalis_right,
SCT:113226007,Structure of thyrohyoid muscle,Neck,reviewed,thyrohyoid_left thyrohyoid_right,
SCT:35951006,Subarachnoid space,Head,reviewed,subarachnoid_space,
SCT:29700009,Subclavian artery,Neck,reviewed,subclavian_artery_left subclavian_artery_right,
SCT:67769002,Subcutaneous fatty tissue,Whole body,reviewed,subcutaneous_fat,
SCT:54019009,Submandibular gland,Head,reviewed,submandibular_gland_left submandibular_gland_right,
SCT:90588001,Subscapularis muscle,Thorax,reviewed,subscapularis,
SCT:66041005,Superior oblique muscle structure,Head,reviewed,superior_oblique_muscle_left superior_oblique_muscle_right,
SCT:82182001,Superior pharyngeal constrictor muscle structure,Neck,reviewed,superior_pharyngeal_constrictor,
SCT:5815008,Superior rectus muscle structure,Head,reviewed,superior_rectus_muscle_left superior_rectus_muscle_right,
SCT:48345005,Superior vena cava,Thorax,reviewed,superior_vena_cava,
SCT:6423006,Supraspinatus muscle,Limbs,reviewed,supraspinatus,
SCT:64864005,T1 vertebra,Spine,reviewed,vertebrae_T1,
SCT:7610001,T10 vertebra,Spine,reviewed,vertebrae_T10,
SCT:12989004,T11 vertebra,Spine,reviewed,vertebrae_T11,
SCT:23215003,T12 vertebra,Spine,reviewed,vertebrae_T12,
SCT:53733008,T2 vertebra,Spine,reviewed,vertebrae_T2,
SCT:1626008,T3 vertebra,Spine,reviewed,vertebrae_T3,
SCT:73071006,T4 vertebra,Spine,reviewed,vertebrae_T4,
SCT:56401006,T5 vertebra,Spine,reviewed,vertebrae_T5,
SCT:45296009,T6 vertebra,Spine,reviewed,vertebrae_T6,
SCT:62487009,T7 vertebra,Spine,reviewed,vertebrae_T7,
SCT:11068009,T8 vertebra,Spine,reviewed,vertebrae_T8,
SCT:82687006,T9 vertebra,Spine,reviewed,vertebrae_T9,
SCT:108371006,Tarsal bones,Limbs,reviewed,tarsal tarsal_left tarsal_right,
SCT:78277001,Temporal lobe,Head,reviewed,temporal_lobe,
SCT:77644006,Tenth rib,Thorax,reviewed,rib_left_10 rib_right_10,
SCT:1193009,Teres major muscle,Limbs,reviewed,teres_major,
SCT:40689003,Testis,Pelvis,reviewed,testicles,
SCT:119406000,Thalamus,Head,reviewed,thalamus,
SCT:25888004,Third rib,Thorax,reviewed,rib_left_3 rib_right_3,
SCT:49841001,Third ventricle,Head,reviewed,third_ventricle,
SCT:1193560003,Thirteenth rib,Thorax,reviewed,rib_left_13 rib_right_13,
SCT:52940008,Thyroid cartilage structure,Neck,reviewed,thyroid_cartilage,
SCT:69748006,Thyroid gland,Neck,reviewed,thyroid_gland thyroid_left thyroid_right,
SCT:12611008,Tibia,Limbs,reviewed,tibia tibia_left tibia_right,
SCT:29707007,Toe,Limbs,reviewed,toes_left toes_right,
SCT:785708006,Toes of left foot,Limbs,reviewed,toes_left,
SCT:785709003,Toes of right foot,Limbs,reviewed,toes_right,
SCT:21974007,Tongue,Head,reviewed,tongue,
SCT:44567001,Trachea,Thorax,reviewed,trachea,
SCT:110726009,Trachea and bronchus,Thorax,reviewed,lung_trachea_bronchia,
SCT:31764008,Trapezius muscle,Thorax,reviewed,trapezius trapezius_left trapezius_right,
SCT:40284004,Triceps brachii muscle structure,Limbs,reviewed,triceps_brachii,
SCT:22943007,Trunk,Whole body,reviewed,body_trunc,
SCT:43993008,Twelfth rib,Thorax,reviewed,rib_left_12 rib_right_12,
SCT:23416004,Ulna,Limbs,reviewed,ulna ulna_left ulna_right,
SCT:53120007,Upper limb,Limbs,reviewed,arms,
SCT:45653009,Upper lobe of lung,Thorax,reviewed,lung_upper_lobe_left lung_upper_lobe_right,
SCT:89837001,Urinary bladder,Pelvis,reviewed,urinary_bladder bladder,
SCT:21814001,Ventricle,Head,reviewed,ventricle,
SCT:51282000,Vertebra,Spine,reviewed,vertebrae,
SCT:3572006,Vertebral body,Spine,reviewed,vertebrae_body,
SCT:51204001,Zygomatic arch structure,Head,reviewed,zygomatic_arch_left zygomatic_arch_right,
